company_id,company_name,broad_sector,cluster_id,cluster_name,distance_from_centroid
ABB,Abbott India Ltd,Industrials,2,Emerging Growth,0.4042
ADANIENSOL,Adani Energy Solutions Ltd,Energy,2,Emerging Growth,1.3409
ADANIENT,Adani Enterprises Ltd,Industrials,2,Emerging Growth,1.3032
ADANIGREEN,Adani Green Energy Ltd,Energy,0,Value Cyclicals,2.4349
ADANIPORTS,"Adani Ports & Special Economic Zone Ltd
",Industrials,4,Defensive Leaders,1.1331
ADANIPOWER,Adani Power Ltd,Energy,2,Emerging Growth,1.0425
AMBUJACEM,Ambuja Cements Ltd,Materials,2,Emerging Growth,1.0623
APOLLOHOSP,"Apollo Hospitals
Chain of Indian private hospitals",Healthcare,2,Emerging Growth,0.5768
ASIANPAINT,"Asian Paints
Indian Multi-National Paint and Coating Manufacturing Company",Materials,2,Emerging Growth,0.3113
DMART,Avenue Supermarts Ltd,Consumer Discretionary,2,Emerging Growth,1.3582
AXISBANK,Axis Bank Ltd,Financials,0,Value Cyclicals,1.3063
BAJAJ-AUTO,Bajaj Auto Ltd,Consumer Discretionary,2,Emerging Growth,0.4667
BAJFINANCE,Bajaj Finance Ltd,Financials,3,Turnaround Candidates,1.3388
BAJAJFINSV,Bajaj Finserv Ltd,Financials,3,Turnaround Candidates,0.828
BAJAJHLDNG,Bajaj Holdings & Investment Ltd,Financials,4,Defensive Leaders,2.4537
BANKBARODA,Bank of Baroda,Financials,0,Value Cyclicals,1.4668
BEL,Bharat Electronics Ltd,Industrials,1,High Quality Compounders,0.7558
BHEL,"Bharat Heavy Electricals Limited
",Industrials,2,Emerging Growth,2.2866
BPCL,Bharat Petroleum Corporation Ltd,Energy,2,Emerging Growth,1.0065
BHARTIARTL,Bharti Airtel Ltd,Communication Services,4,Defensive Leaders,1.5386
BOSCHLTD,Bosch Ltd,Consumer Discretionary,2,Emerging Growth,0.7223
BRITANNIA,Britannia Industries Ltd,Consumer Staples,2,Emerging Growth,0.3699
CANBK,Canara Bank,Financials,0,Value Cyclicals,2.2591
CHOLAFIN,Cholamandalam Investment & Finance Company Ltd,Financials,3,Turnaround Candidates,1.4197
CIPLA,"Cipla Ltd
",Healthcare,4,Defensive Leaders,0.7428
COALINDIA,Coal India Ltd,Materials,4,Defensive Leaders,1.1016
DLF,DLF Ltd,Real Estate,2,Emerging Growth,2.3002
DABUR,Dabur India Ltd,Consumer Staples,2,Emerging Growth,0.5319
DIVISLAB,Divis Laboratories Ltd,Healthcare,2,Emerging Growth,0.478
DRREDDY,Dr Reddys Laboratories Ltd,Healthcare,2,Emerging Growth,0.4677
EICHERMOT,Eicher Motors Ltd,Consumer Discretionary,2,Emerging Growth,0.3742
GAIL,GAIL (India) Ltd,Energy,2,Emerging Growth,0.3559
GODREJCP,Godrej Consumer Products Ltd,Consumer Staples,2,Emerging Growth,0.7306
GRASIM,Grasim Industries Ltd,Industrials,2,Emerging Growth,1.728
HCLTECH,HCL Technologies Ltd,Information Technology,2,Emerging Growth,0.5299
HDFCBANK,HDFC Bank Ltd,Financials,0,Value Cyclicals,1.6404
HDFCLIFE,HDFC Life Insurance Company Ltd,Financials,4,Defensive Leaders,1.2902
HAVELLS,Havells India Ltd,Industrials,2,Emerging Growth,0.5171
HEROMOTOCO,"Hero MotoCorp Ltd
",Consumer Discretionary,4,Defensive Leaders,1.6544
HINDALCO,Hindalco Industries Ltd,Materials,4,Defensive Leaders,0.5684
HAL,Hindustan Aeronautics Ltd,Industrials,1,High Quality Compounders,0.7558
HINDUNILVR,"Hindustan Unilever Ltd
",Consumer Staples,4,Defensive Leaders,0.6892
ICICIBANK,ICICI Bank Ltd,Financials,0,Value Cyclicals,1.0244
ICICIGI,ICICI Lombard General Insurance Company Ltd,Financials,4,Defensive Leaders,0.4829
ICICIPRULI,ICICI Prudential Life Insurance Company Ltd,Financials,4,Defensive Leaders,0.9457
ITC,"ITC Ltd
",Consumer Staples,2,Emerging Growth,0.992
IOC,"Indian Oil Corporation
",Energy,2,Emerging Growth,1.581
IRCTC,Indian Railway Catering & Tourism Corporation Ltd,Consumer Discretionary,2,Emerging Growth,1.1
IRFC,Indian Railway Finance Corporation Ltd,Financials,0,Value Cyclicals,1.5938
INDUSINDBK,IndusInd Bank Ltd,Financials,0,Value Cyclicals,1.402
NAUKRI,Info Edge (India) Ltd,Communication Services,2,Emerging Growth,0.9143
INFY,Infosys Ltd,Information Technology,2,Emerging Growth,0.7242
INDIGO,Interglobe Aviation Ltd,Consumer Discretionary,4,Defensive Leaders,1.5019
JSWENERGY,JSW Energy Ltd,Energy,2,Emerging Growth,1.4172
JSWSTEEL,JSW Steel Ltd,Materials,2,Emerging Growth,0.7176
JINDALSTEL,Jindal Steel & Power Ltd,Materials,2,Emerging Growth,1.3858
JIOFIN,Jio Financial Services Ltd,Financials,4,Defensive Leaders,0.6224
KOTAKBANK,"Kotak Mahindra Bank Ltd
",Financials,4,Defensive Leaders,1.1792
LTIM,LTIMindtree Ltd,Information Technology,2,Emerging Growth,2.6076
LT,Larsen & Toubro Ltd,Industrials,2,Emerging Growth,0.7218
LICI,Life Insurance Corporation of India,Financials,2,Emerging Growth,0.7719
LODHA,Macrotech Developers Ltd,Real Estate,2,Emerging Growth,1.9486
M&M,"Mahindra & Mahindra Ltd
",Consumer Discretionary,2,Emerging Growth,1.0947
MARUTI,Maruti Suzuki India Ltd,Consumer Discretionary,2,Emerging Growth,0.334
NHPC,"NHPC Ltd
",Energy,2,Emerging Growth,1.7556
NTPC,NTPC Ltd,Energy,2,Emerging Growth,0.4951
NESTLEIND,Nestle India Ltd,Consumer Staples,2,Emerging Growth,0.5389
ONGC,Oil & Natural Gas Corpn Ltd,Energy,2,Emerging Growth,1.6842
PIDILITIND,Pidilite Industries Ltd,Materials,2,Emerging Growth,0.2978
PFC,Power Finance Corporation Ltd,Financials,3,Turnaround Candidates,2.1056
POWERGRID,Power Grid Corporation of India Ltd,Energy,4,Defensive Leaders,1.4058
PNB,Punjab National Bank,Financials,2,Emerging Growth,2.0843
RECLTD,REC Ltd,Financials,3,Turnaround Candidates,2.2365
RELIANCE,"Reliance Industries Ltd
",Energy,2,Emerging Growth,1.7298
SBILIFE,SBI Life Insurance Company Ltd,Financials,2,Emerging Growth,1.9431
MOTHERSON,Samvardhana Motherson International Ltd,Consumer Discretionary,2,Emerging Growth,0.5075
SHREECEM,Shree Cement Ltd,Materials,2,Emerging Growth,0.285
SHRIRAMFIN,"Shriram Finance Ltd
",Financials,3,Turnaround Candidates,1.6637
SIEMENS,Siemens Ltd,Industrials,2,Emerging Growth,0.3446
SUNPHARMA,Sun Pharmaceuticals Industries Ltd,Healthcare,2,Emerging Growth,0.4213
TVSMOTOR,TVS Motor Company Ltd,Consumer Discretionary,2,Emerging Growth,1.2586
TCS,Tata Consultancy Services Ltd,Information Technology,2,Emerging Growth,1.9686
TATACONSUM,Tata Consumer Products Ltd,Consumer Staples,2,Emerging Growth,0.7152
TATAMOTORS,Tata Motors Ltd,Consumer Discretionary,2,Emerging Growth,1.8057
TATAPOWER,"Tata Power Company Ltd
",Energy,2,Emerging Growth,0.6961
TATASTEEL,"Tata Steel Ltd
",Materials,2,Emerging Growth,0.6113
TECHM,Tech Mahindra Ltd,Information Technology,2,Emerging Growth,0.5859
TITAN,"Titan Company Ltd
",Consumer Discretionary,2,Emerging Growth,1.4146
TORNTPHARM,Torrent Pharmaceuticals Ltd,Healthcare,2,Emerging Growth,0.7381
TRENT,Trent Ltd,Consumer Discretionary,2,Emerging Growth,3.4191
