metric,P10,P25,P50,P75,P90,Mean,Std,Count
return_on_equity_pct,8.360999999999999,11.61,16.275,26.0825,48.39700000000001,125.0663333333333,640.6160997311254,90
operating_profit_margin_pct,9.83,15.969999999999999,26.005,40.95,84.25100000000002,34.93255555555555,27.411793843350747,90
net_profit_margin_pct,4.603000000000001,7.215,14.120000000000001,20.3825,29.329000000000004,20.119333333333334,45.682613066999735,90
debt_to_equity,0.009000000000000005,0.052500000000000005,0.435,1.6175,6.465000000000002,1.6820000000000002,2.876230054401542,90
revenue_cagr_5yr,5.774,8.4,11.84,17.12,21.01,12.873707865168543,7.414005846127632,89
pat_cagr_5yr,4.285,9.5275,16.025,23.465,38.137000000000015,20.3140243902439,20.66809355048848,82
eps_cagr_5yr,3.3,9.1,14.87,21.66,30.39,18.045802469135804,18.794513552111262,81
free_cash_flow_cr,-14847.199999999999,-1340.0,1068.5,8164.0,20818.10000000003,706.1666666666666,23312.33183823435,90
composite_quality_score,52.558,60.4,67.275,75.495,83.36500000000001,67.63055555555556,10.874426381473755,90
